{
    "loss": 0.8793613314628601,
    "accuracy": 0.9568345546722412
}