{
    "loss": 5.870330333709717,
    "accuracy": 0.5035971403121948
}